Attack,Layer,K,Metric,Raw_AUC,Corrected_AUC,Direction
badnets,layer1,1,manhattan,0.0021,0.9979,Inward
badnets,layer1,3,manhattan,0.0644,0.9356,Inward
badnets,layer1,5,manhattan,0.1790,0.8210,Inward
badnets,layer1,10,manhattan,0.3476,0.6524,Inward
badnets,layer1,20,manhattan,0.4580,0.5420,Inward
badnets,layer1,50,manhattan,0.5256,0.5256,Outward
badnets,layer1,1,euclidean,0.0239,0.9761,Inward
badnets,layer1,3,euclidean,0.1313,0.8687,Inward
badnets,layer1,5,euclidean,0.2449,0.7551,Inward
badnets,layer1,10,euclidean,0.3934,0.6066,Inward
badnets,layer1,20,euclidean,0.4862,0.5138,Inward
badnets,layer1,50,euclidean,0.5413,0.5413,Outward
badnets,layer2,1,manhattan,0.0139,0.9861,Inward
badnets,layer2,3,manhattan,0.2195,0.7805,Inward
badnets,layer2,5,manhattan,0.3917,0.6083,Inward
badnets,layer2,10,manhattan,0.5789,0.5789,Outward
badnets,layer2,20,manhattan,0.6882,0.6882,Outward
badnets,layer2,50,manhattan,0.7505,0.7505,Outward
badnets,layer2,1,euclidean,0.0526,0.9474,Inward
badnets,layer2,3,euclidean,0.3110,0.6890,Inward
badnets,layer2,5,euclidean,0.4610,0.5390,Inward
badnets,layer2,10,euclidean,0.6115,0.6115,Outward
badnets,layer2,20,euclidean,0.6968,0.6968,Outward
badnets,layer2,50,euclidean,0.7432,0.7432,Outward
badnets,layer3,1,manhattan,0.6325,0.6325,Outward
badnets,layer3,3,manhattan,0.7594,0.7594,Outward
badnets,layer3,5,manhattan,0.8087,0.8087,Outward
badnets,layer3,10,manhattan,0.8593,0.8593,Outward
badnets,layer3,20,manhattan,0.8907,0.8907,Outward
badnets,layer3,50,manhattan,0.9126,0.9126,Outward
badnets,layer3,1,euclidean,0.6627,0.6627,Outward
badnets,layer3,3,euclidean,0.7713,0.7713,Outward
badnets,layer3,5,euclidean,0.8153,0.8153,Outward
badnets,layer3,10,euclidean,0.8649,0.8649,Outward
badnets,layer3,20,euclidean,0.8974,0.8974,Outward
badnets,layer3,50,euclidean,0.9193,0.9193,Outward
badnets,layer4,1,manhattan,0.8201,0.8201,Outward
badnets,layer4,3,manhattan,0.8666,0.8666,Outward
badnets,layer4,5,manhattan,0.8874,0.8874,Outward
badnets,layer4,10,manhattan,0.9051,0.9051,Outward
badnets,layer4,20,manhattan,0.9133,0.9133,Outward
badnets,layer4,50,manhattan,0.9159,0.9159,Outward
badnets,layer4,1,euclidean,0.8254,0.8254,Outward
badnets,layer4,3,euclidean,0.8678,0.8678,Outward
badnets,layer4,5,euclidean,0.8885,0.8885,Outward
badnets,layer4,10,euclidean,0.9083,0.9083,Outward
badnets,layer4,20,euclidean,0.9180,0.9180,Outward
badnets,layer4,50,euclidean,0.9216,0.9216,Outward
badnet_all2all,layer1,1,manhattan,0.0011,0.9989,Inward
badnet_all2all,layer1,3,manhattan,0.0577,0.9423,Inward
badnet_all2all,layer1,5,manhattan,0.1773,0.8227,Inward
badnet_all2all,layer1,10,manhattan,0.3732,0.6268,Inward
badnet_all2all,layer1,20,manhattan,0.5001,0.5001,Outward
badnet_all2all,layer1,50,manhattan,0.5750,0.5750,Outward
badnet_all2all,layer1,1,euclidean,0.0277,0.9723,Inward
badnet_all2all,layer1,3,euclidean,0.1522,0.8478,Inward
badnet_all2all,layer1,5,euclidean,0.2795,0.7205,Inward
badnet_all2all,layer1,10,euclidean,0.4387,0.5613,Inward
badnet_all2all,layer1,20,euclidean,0.5349,0.5349,Outward
badnet_all2all,layer1,50,euclidean,0.5910,0.5910,Outward
badnet_all2all,layer2,1,manhattan,0.0001,0.9999,Inward
badnet_all2all,layer2,3,manhattan,0.0074,0.9926,Inward
badnet_all2all,layer2,5,manhattan,0.0546,0.9454,Inward
badnet_all2all,layer2,10,manhattan,0.2376,0.7624,Inward
badnet_all2all,layer2,20,manhattan,0.4190,0.5810,Inward
badnet_all2all,layer2,50,manhattan,0.5468,0.5468,Outward
badnet_all2all,layer2,1,euclidean,0.0012,0.9988,Inward
badnet_all2all,layer2,3,euclidean,0.0507,0.9493,Inward
badnet_all2all,layer2,5,euclidean,0.1595,0.8405,Inward
badnet_all2all,layer2,10,euclidean,0.3560,0.6440,Inward
badnet_all2all,layer2,20,euclidean,0.4950,0.5050,Inward
badnet_all2all,layer2,50,euclidean,0.5824,0.5824,Outward
badnet_all2all,layer3,1,manhattan,0.4416,0.5584,Inward
badnet_all2all,layer3,3,manhattan,0.7439,0.7439,Outward
badnet_all2all,layer3,5,manhattan,0.8107,0.8107,Outward
badnet_all2all,layer3,10,manhattan,0.8594,0.8594,Outward
badnet_all2all,layer3,20,manhattan,0.8826,0.8826,Outward
badnet_all2all,layer3,50,manhattan,0.8966,0.8966,Outward
badnet_all2all,layer3,1,euclidean,0.6430,0.6430,Outward
badnet_all2all,layer3,3,euclidean,0.8573,0.8573,Outward
badnet_all2all,layer3,5,euclidean,0.8971,0.8971,Outward
badnet_all2all,layer3,10,euclidean,0.9287,0.9287,Outward
badnet_all2all,layer3,20,euclidean,0.9446,0.9446,Outward
badnet_all2all,layer3,50,euclidean,0.9518,0.9518,Outward
badnet_all2all,layer4,1,manhattan,0.9361,0.9361,Outward
badnet_all2all,layer4,3,manhattan,0.9711,0.9711,Outward
badnet_all2all,layer4,5,manhattan,0.9795,0.9795,Outward
badnet_all2all,layer4,10,manhattan,0.9849,0.9849,Outward
badnet_all2all,layer4,20,manhattan,0.9879,0.9879,Outward
badnet_all2all,layer4,50,manhattan,0.9904,0.9904,Outward
badnet_all2all,layer4,1,euclidean,0.9487,0.9487,Outward
badnet_all2all,layer4,3,euclidean,0.9702,0.9702,Outward
badnet_all2all,layer4,5,euclidean,0.9804,0.9804,Outward
badnet_all2all,layer4,10,euclidean,0.9876,0.9876,Outward
badnet_all2all,layer4,20,euclidean,0.9908,0.9908,Outward
badnet_all2all,layer4,50,euclidean,0.9929,0.9929,Outward
blended,layer1,1,manhattan,0.0646,0.9354,Inward
blended,layer1,3,manhattan,0.1463,0.8537,Inward
blended,layer1,5,manhattan,0.2110,0.7890,Inward
blended,layer1,10,manhattan,0.2782,0.7218,Inward
blended,layer1,20,manhattan,0.3154,0.6846,Inward
blended,layer1,50,manhattan,0.3355,0.6645,Inward
blended,layer1,1,euclidean,0.0793,0.9207,Inward
blended,layer1,3,euclidean,0.1630,0.8370,Inward
blended,layer1,5,euclidean,0.2252,0.7748,Inward
blended,layer1,10,euclidean,0.2887,0.7113,Inward
blended,layer1,20,euclidean,0.3242,0.6758,Inward
blended,layer1,50,euclidean,0.3433,0.6567,Inward
blended,layer2,1,manhattan,0.3590,0.6410,Inward
blended,layer2,3,manhattan,0.5322,0.5322,Outward
blended,layer2,5,manhattan,0.6049,0.6049,Outward
blended,layer2,10,manhattan,0.6646,0.6646,Outward
blended,layer2,20,manhattan,0.6919,0.6919,Outward
blended,layer2,50,manhattan,0.7018,0.7018,Outward
blended,layer2,1,euclidean,0.4056,0.5944,Inward
blended,layer2,3,euclidean,0.5658,0.5658,Outward
blended,layer2,5,euclidean,0.6253,0.6253,Outward
blended,layer2,10,euclidean,0.6729,0.6729,Outward
blended,layer2,20,euclidean,0.6936,0.6936,Outward
blended,layer2,50,euclidean,0.7004,0.7004,Outward
blended,layer3,1,manhattan,0.7640,0.7640,Outward
blended,layer3,3,manhattan,0.8696,0.8696,Outward
blended,layer3,5,manhattan,0.8981,0.8981,Outward
blended,layer3,10,manhattan,0.9205,0.9205,Outward
blended,layer3,20,manhattan,0.9332,0.9332,Outward
blended,layer3,50,manhattan,0.9438,0.9438,Outward
blended,layer3,1,euclidean,0.8046,0.8046,Outward
blended,layer3,3,euclidean,0.8985,0.8985,Outward
blended,layer3,5,euclidean,0.9197,0.9197,Outward
blended,layer3,10,euclidean,0.9363,0.9363,Outward
blended,layer3,20,euclidean,0.9459,0.9459,Outward
blended,layer3,50,euclidean,0.9541,0.9541,Outward
blended,layer4,1,manhattan,0.8836,0.8836,Outward
blended,layer4,3,manhattan,0.9633,0.9633,Outward
blended,layer4,5,manhattan,0.9658,0.9658,Outward
blended,layer4,10,manhattan,0.9687,0.9687,Outward
blended,layer4,20,manhattan,0.9715,0.9715,Outward
blended,layer4,50,manhattan,0.9750,0.9750,Outward
blended,layer4,1,euclidean,0.8417,0.8417,Outward
blended,layer4,3,euclidean,0.9501,0.9501,Outward
blended,layer4,5,euclidean,0.9547,0.9547,Outward
blended,layer4,10,euclidean,0.9599,0.9599,Outward
blended,layer4,20,euclidean,0.9648,0.9648,Outward
blended,layer4,50,euclidean,0.9701,0.9701,Outward
blind,layer1,1,manhattan,0.0669,0.9331,Inward
blind,layer1,3,manhattan,0.3772,0.6228,Inward
blind,layer1,5,manhattan,0.5775,0.5775,Outward
blind,layer1,10,manhattan,0.7261,0.7261,Outward
blind,layer1,20,manhattan,0.7848,0.7848,Outward
blind,layer1,50,manhattan,0.8075,0.8075,Outward
blind,layer1,1,euclidean,0.1747,0.8253,Inward
blind,layer1,3,euclidean,0.5221,0.5221,Outward
blind,layer1,5,euclidean,0.6651,0.6651,Outward
blind,layer1,10,euclidean,0.7608,0.7608,Outward
blind,layer1,20,euclidean,0.7977,0.7977,Outward
blind,layer1,50,euclidean,0.8104,0.8104,Outward
blind,layer2,1,manhattan,0.1736,0.8264,Inward
blind,layer2,3,manhattan,0.4256,0.5744,Inward
blind,layer2,5,manhattan,0.5473,0.5473,Outward
blind,layer2,10,manhattan,0.6568,0.6568,Outward
blind,layer2,20,manhattan,0.7097,0.7097,Outward
blind,layer2,50,manhattan,0.7316,0.7316,Outward
blind,layer2,1,euclidean,0.2655,0.7345,Inward
blind,layer2,3,euclidean,0.4445,0.5555,Inward
blind,layer2,5,euclidean,0.5205,0.5205,Outward
blind,layer2,10,euclidean,0.5873,0.5873,Outward
blind,layer2,20,euclidean,0.6204,0.6204,Outward
blind,layer2,50,euclidean,0.6340,0.6340,Outward
blind,layer3,1,manhattan,0.8396,0.8396,Outward
blind,layer3,3,manhattan,0.8935,0.8935,Outward
blind,layer3,5,manhattan,0.9082,0.9082,Outward
blind,layer3,10,manhattan,0.9183,0.9183,Outward
blind,layer3,20,manhattan,0.9218,0.9218,Outward
blind,layer3,50,manhattan,0.9214,0.9214,Outward
blind,layer3,1,euclidean,0.8495,0.8495,Outward
blind,layer3,3,euclidean,0.8951,0.8951,Outward
blind,layer3,5,euclidean,0.9078,0.9078,Outward
blind,layer3,10,euclidean,0.9164,0.9164,Outward
blind,layer3,20,euclidean,0.9186,0.9186,Outward
blind,layer3,50,euclidean,0.9166,0.9166,Outward
blind,layer4,1,manhattan,0.8900,0.8900,Outward
blind,layer4,3,manhattan,0.8915,0.8915,Outward
blind,layer4,5,manhattan,0.8922,0.8922,Outward
blind,layer4,10,manhattan,0.8919,0.8919,Outward
blind,layer4,20,manhattan,0.8915,0.8915,Outward
blind,layer4,50,manhattan,0.8906,0.8906,Outward
blind,layer4,1,euclidean,0.8867,0.8867,Outward
blind,layer4,3,euclidean,0.8871,0.8871,Outward
blind,layer4,5,euclidean,0.8874,0.8874,Outward
blind,layer4,10,euclidean,0.8870,0.8870,Outward
blind,layer4,20,euclidean,0.8867,0.8867,Outward
blind,layer4,50,euclidean,0.8860,0.8860,Outward
bpp,layer1,1,manhattan,0.3262,0.6738,Inward
bpp,layer1,3,manhattan,0.7374,0.7374,Outward
bpp,layer1,5,manhattan,0.7991,0.7991,Outward
bpp,layer1,10,manhattan,0.8335,0.8335,Outward
bpp,layer1,20,manhattan,0.8450,0.8450,Outward
bpp,layer1,50,manhattan,0.8454,0.8454,Outward
bpp,layer1,1,euclidean,0.8414,0.8414,Outward
bpp,layer1,3,euclidean,0.8940,0.8940,Outward
bpp,layer1,5,euclidean,0.9008,0.9008,Outward
bpp,layer1,10,euclidean,0.9044,0.9044,Outward
bpp,layer1,20,euclidean,0.9050,0.9050,Outward
bpp,layer1,50,euclidean,0.9033,0.9033,Outward
bpp,layer2,1,manhattan,0.8002,0.8002,Outward
bpp,layer2,3,manhattan,0.9316,0.9316,Outward
bpp,layer2,5,manhattan,0.9488,0.9488,Outward
bpp,layer2,10,manhattan,0.9586,0.9586,Outward
bpp,layer2,20,manhattan,0.9634,0.9634,Outward
bpp,layer2,50,manhattan,0.9669,0.9669,Outward
bpp,layer2,1,euclidean,0.9708,0.9708,Outward
bpp,layer2,3,euclidean,0.9764,0.9764,Outward
bpp,layer2,5,euclidean,0.9773,0.9773,Outward
bpp,layer2,10,euclidean,0.9780,0.9780,Outward
bpp,layer2,20,euclidean,0.9784,0.9784,Outward
bpp,layer2,50,euclidean,0.9787,0.9787,Outward
bpp,layer3,1,manhattan,0.4923,0.5077,Inward
bpp,layer3,3,manhattan,0.8096,0.8096,Outward
bpp,layer3,5,manhattan,0.8699,0.8699,Outward
bpp,layer3,10,manhattan,0.9053,0.9053,Outward
bpp,layer3,20,manhattan,0.9188,0.9188,Outward
bpp,layer3,50,manhattan,0.9249,0.9249,Outward
bpp,layer3,1,euclidean,0.7251,0.7251,Outward
bpp,layer3,3,euclidean,0.8508,0.8508,Outward
bpp,layer3,5,euclidean,0.8711,0.8711,Outward
bpp,layer3,10,euclidean,0.8837,0.8837,Outward
bpp,layer3,20,euclidean,0.8887,0.8887,Outward
bpp,layer3,50,euclidean,0.8907,0.8907,Outward
bpp,layer4,1,manhattan,0.5768,0.5768,Outward
bpp,layer4,3,manhattan,0.5698,0.5698,Outward
bpp,layer4,5,manhattan,0.5648,0.5648,Outward
bpp,layer4,10,manhattan,0.5588,0.5588,Outward
bpp,layer4,20,manhattan,0.5544,0.5544,Outward
bpp,layer4,50,manhattan,0.5469,0.5469,Outward
bpp,layer4,1,euclidean,0.4811,0.5189,Inward
bpp,layer4,3,euclidean,0.4771,0.5229,Inward
bpp,layer4,5,euclidean,0.4761,0.5239,Inward
bpp,layer4,10,euclidean,0.4749,0.5251,Inward
bpp,layer4,20,euclidean,0.4748,0.5252,Inward
bpp,layer4,50,euclidean,0.4756,0.5244,Inward
ctrl,layer1,1,manhattan,0.1627,0.8373,Inward
ctrl,layer1,3,manhattan,0.3244,0.6756,Inward
ctrl,layer1,5,manhattan,0.4844,0.5156,Inward
ctrl,layer1,10,manhattan,0.6569,0.6569,Outward
ctrl,layer1,20,manhattan,0.7388,0.7388,Outward
ctrl,layer1,50,manhattan,0.7767,0.7767,Outward
ctrl,layer1,1,euclidean,0.4436,0.5564,Inward
ctrl,layer1,3,euclidean,0.8522,0.8522,Outward
ctrl,layer1,5,euclidean,0.9129,0.9129,Outward
ctrl,layer1,10,euclidean,0.9407,0.9407,Outward
ctrl,layer1,20,euclidean,0.9484,0.9484,Outward
ctrl,layer1,50,euclidean,0.9489,0.9489,Outward
ctrl,layer2,1,manhattan,0.2281,0.7719,Inward
ctrl,layer2,3,manhattan,0.5752,0.5752,Outward
ctrl,layer2,5,manhattan,0.7632,0.7632,Outward
ctrl,layer2,10,manhattan,0.8898,0.8898,Outward
ctrl,layer2,20,manhattan,0.9355,0.9355,Outward
ctrl,layer2,50,manhattan,0.9548,0.9548,Outward
ctrl,layer2,1,euclidean,0.9881,0.9881,Outward
ctrl,layer2,3,euclidean,0.9970,0.9970,Outward
ctrl,layer2,5,euclidean,0.9985,0.9985,Outward
ctrl,layer2,10,euclidean,0.9994,0.9994,Outward
ctrl,layer2,20,euclidean,0.9997,0.9997,Outward
ctrl,layer2,50,euclidean,0.9998,0.9998,Outward
ctrl,layer3,1,manhattan,0.9615,0.9615,Outward
ctrl,layer3,3,manhattan,0.9828,0.9828,Outward
ctrl,layer3,5,manhattan,0.9872,0.9872,Outward
ctrl,layer3,10,manhattan,0.9904,0.9904,Outward
ctrl,layer3,20,manhattan,0.9920,0.9920,Outward
ctrl,layer3,50,manhattan,0.9930,0.9930,Outward
ctrl,layer3,1,euclidean,0.9731,0.9731,Outward
ctrl,layer3,3,euclidean,0.9902,0.9902,Outward
ctrl,layer3,5,euclidean,0.9935,0.9935,Outward
ctrl,layer3,10,euclidean,0.9953,0.9953,Outward
ctrl,layer3,20,euclidean,0.9959,0.9959,Outward
ctrl,layer3,50,euclidean,0.9957,0.9957,Outward
ctrl,layer4,1,manhattan,0.8599,0.8599,Outward
ctrl,layer4,3,manhattan,0.8732,0.8732,Outward
ctrl,layer4,5,manhattan,0.8744,0.8744,Outward
ctrl,layer4,10,manhattan,0.8725,0.8725,Outward
ctrl,layer4,20,manhattan,0.8679,0.8679,Outward
ctrl,layer4,50,manhattan,0.8592,0.8592,Outward
ctrl,layer4,1,euclidean,0.8590,0.8590,Outward
ctrl,layer4,3,euclidean,0.8709,0.8709,Outward
ctrl,layer4,5,euclidean,0.8729,0.8729,Outward
ctrl,layer4,10,euclidean,0.8730,0.8730,Outward
ctrl,layer4,20,euclidean,0.8706,0.8706,Outward
ctrl,layer4,50,euclidean,0.8654,0.8654,Outward
ftrojan,layer1,1,manhattan,0.0054,0.9946,Inward
ftrojan,layer1,3,manhattan,0.1025,0.8975,Inward
ftrojan,layer1,5,manhattan,0.2692,0.7308,Inward
ftrojan,layer1,10,manhattan,0.4615,0.5385,Inward
ftrojan,layer1,20,manhattan,0.5602,0.5602,Outward
ftrojan,layer1,50,manhattan,0.6101,0.6101,Outward
ftrojan,layer1,1,euclidean,0.0170,0.9830,Inward
ftrojan,layer1,3,euclidean,0.1634,0.8366,Inward
ftrojan,layer1,5,euclidean,0.3188,0.6812,Inward
ftrojan,layer1,10,euclidean,0.4754,0.5246,Inward
ftrojan,layer1,20,euclidean,0.5528,0.5528,Outward
ftrojan,layer1,50,euclidean,0.5919,0.5919,Outward
ftrojan,layer2,1,manhattan,0.2952,0.7048,Inward
ftrojan,layer2,3,manhattan,0.6713,0.6713,Outward
ftrojan,layer2,5,manhattan,0.7942,0.7942,Outward
ftrojan,layer2,10,manhattan,0.8757,0.8757,Outward
ftrojan,layer2,20,manhattan,0.9060,0.9060,Outward
ftrojan,layer2,50,manhattan,0.9158,0.9158,Outward
ftrojan,layer2,1,euclidean,0.9727,0.9727,Outward
ftrojan,layer2,3,euclidean,0.9914,0.9914,Outward
ftrojan,layer2,5,euclidean,0.9951,0.9951,Outward
ftrojan,layer2,10,euclidean,0.9973,0.9973,Outward
ftrojan,layer2,20,euclidean,0.9982,0.9982,Outward
ftrojan,layer2,50,euclidean,0.9985,0.9985,Outward
ftrojan,layer3,1,manhattan,0.9997,0.9997,Outward
ftrojan,layer3,3,manhattan,0.9999,0.9999,Outward
ftrojan,layer3,5,manhattan,0.9999,0.9999,Outward
ftrojan,layer3,10,manhattan,0.9999,0.9999,Outward
ftrojan,layer3,20,manhattan,0.9999,0.9999,Outward
ftrojan,layer3,50,manhattan,0.9999,0.9999,Outward
ftrojan,layer3,1,euclidean,1.0000,1.0000,Outward
ftrojan,layer3,3,euclidean,1.0000,1.0000,Outward
ftrojan,layer3,5,euclidean,1.0000,1.0000,Outward
ftrojan,layer3,10,euclidean,1.0000,1.0000,Outward
ftrojan,layer3,20,euclidean,1.0000,1.0000,Outward
ftrojan,layer3,50,euclidean,1.0000,1.0000,Outward
ftrojan,layer4,1,manhattan,0.9998,0.9998,Outward
ftrojan,layer4,3,manhattan,0.9998,0.9998,Outward
ftrojan,layer4,5,manhattan,0.9998,0.9998,Outward
ftrojan,layer4,10,manhattan,0.9997,0.9997,Outward
ftrojan,layer4,20,manhattan,0.9997,0.9997,Outward
ftrojan,layer4,50,manhattan,0.9997,0.9997,Outward
ftrojan,layer4,1,euclidean,0.9988,0.9988,Outward
ftrojan,layer4,3,euclidean,0.9988,0.9988,Outward
ftrojan,layer4,5,euclidean,0.9988,0.9988,Outward
ftrojan,layer4,10,euclidean,0.9988,0.9988,Outward
ftrojan,layer4,20,euclidean,0.9988,0.9988,Outward
ftrojan,layer4,50,euclidean,0.9987,0.9987,Outward
inputaware,layer1,1,manhattan,0.0231,0.9769,Inward
inputaware,layer1,3,manhattan,0.2733,0.7267,Inward
inputaware,layer1,5,manhattan,0.4559,0.5441,Inward
inputaware,layer1,10,manhattan,0.6092,0.6092,Outward
inputaware,layer1,20,manhattan,0.6756,0.6756,Outward
inputaware,layer1,50,manhattan,0.7015,0.7015,Outward
inputaware,layer1,1,euclidean,0.0498,0.9502,Inward
inputaware,layer1,3,euclidean,0.3400,0.6600,Inward
inputaware,layer1,5,euclidean,0.5018,0.5018,Outward
inputaware,layer1,10,euclidean,0.6280,0.6280,Outward
inputaware,layer1,20,euclidean,0.6809,0.6809,Outward
inputaware,layer1,50,euclidean,0.7007,0.7007,Outward
inputaware,layer2,1,manhattan,0.0084,0.9916,Inward
inputaware,layer2,3,manhattan,0.0855,0.9145,Inward
inputaware,layer2,5,manhattan,0.2162,0.7838,Inward
inputaware,layer2,10,manhattan,0.4038,0.5962,Inward
inputaware,layer2,20,manhattan,0.5180,0.5180,Outward
inputaware,layer2,50,manhattan,0.5801,0.5801,Outward
inputaware,layer2,1,euclidean,0.0432,0.9568,Inward
inputaware,layer2,3,euclidean,0.2422,0.7578,Inward
inputaware,layer2,5,euclidean,0.4005,0.5995,Inward
inputaware,layer2,10,euclidean,0.5533,0.5533,Outward
inputaware,layer2,20,euclidean,0.6299,0.6299,Outward
inputaware,layer2,50,euclidean,0.6659,0.6659,Outward
inputaware,layer3,1,manhattan,0.5227,0.5227,Outward
inputaware,layer3,3,manhattan,0.7414,0.7414,Outward
inputaware,layer3,5,manhattan,0.7878,0.7878,Outward
inputaware,layer3,10,manhattan,0.8203,0.8203,Outward
inputaware,layer3,20,manhattan,0.8348,0.8348,Outward
inputaware,layer3,50,manhattan,0.8432,0.8432,Outward
inputaware,layer3,1,euclidean,0.8394,0.8394,Outward
inputaware,layer3,3,euclidean,0.9477,0.9477,Outward
inputaware,layer3,5,euclidean,0.9627,0.9627,Outward
inputaware,layer3,10,euclidean,0.9715,0.9715,Outward
inputaware,layer3,20,euclidean,0.9746,0.9746,Outward
inputaware,layer3,50,euclidean,0.9754,0.9754,Outward
inputaware,layer4,1,manhattan,0.9815,0.9815,Outward
inputaware,layer4,3,manhattan,0.9912,0.9912,Outward
inputaware,layer4,5,manhattan,0.9929,0.9929,Outward
inputaware,layer4,10,manhattan,0.9940,0.9940,Outward
inputaware,layer4,20,manhattan,0.9942,0.9942,Outward
inputaware,layer4,50,manhattan,0.9936,0.9936,Outward
inputaware,layer4,1,euclidean,0.9965,0.9965,Outward
inputaware,layer4,3,euclidean,0.9987,0.9987,Outward
inputaware,layer4,5,euclidean,0.9989,0.9989,Outward
inputaware,layer4,10,euclidean,0.9991,0.9991,Outward
inputaware,layer4,20,euclidean,0.9992,0.9992,Outward
inputaware,layer4,50,euclidean,0.9992,0.9992,Outward
lira,layer1,1,manhattan,0.0004,0.9996,Inward
lira,layer1,3,manhattan,0.0427,0.9573,Inward
lira,layer1,5,manhattan,0.1684,0.8316,Inward
lira,layer1,10,manhattan,0.3569,0.6431,Inward
lira,layer1,20,manhattan,0.4719,0.5281,Inward
lira,layer1,50,manhattan,0.5383,0.5383,Outward
lira,layer1,1,euclidean,0.0023,0.9977,Inward
lira,layer1,3,euclidean,0.0602,0.9398,Inward
lira,layer1,5,euclidean,0.1930,0.8070,Inward
lira,layer1,10,euclidean,0.3708,0.6292,Inward
lira,layer1,20,euclidean,0.4740,0.5260,Inward
lira,layer1,50,euclidean,0.5332,0.5332,Outward
lira,layer2,1,manhattan,0.0005,0.9995,Inward
lira,layer2,3,manhattan,0.0140,0.9860,Inward
lira,layer2,5,manhattan,0.0834,0.9166,Inward
lira,layer2,10,manhattan,0.2758,0.7242,Inward
lira,layer2,20,manhattan,0.4323,0.5677,Inward
lira,layer2,50,manhattan,0.5351,0.5351,Outward
lira,layer2,1,euclidean,0.0016,0.9984,Inward
lira,layer2,3,euclidean,0.0242,0.9758,Inward
lira,layer2,5,euclidean,0.1120,0.8880,Inward
lira,layer2,10,euclidean,0.3022,0.6978,Inward
lira,layer2,20,euclidean,0.4436,0.5564,Inward
lira,layer2,50,euclidean,0.5320,0.5320,Outward
lira,layer3,1,manhattan,0.0495,0.9505,Inward
lira,layer3,3,manhattan,0.1109,0.8891,Inward
lira,layer3,5,manhattan,0.1873,0.8127,Inward
lira,layer3,10,manhattan,0.3257,0.6743,Inward
lira,layer3,20,manhattan,0.4360,0.5640,Inward
lira,layer3,50,manhattan,0.5176,0.5176,Outward
lira,layer3,1,euclidean,0.0581,0.9419,Inward
lira,layer3,3,euclidean,0.1108,0.8892,Inward
lira,layer3,5,euclidean,0.1846,0.8154,Inward
lira,layer3,10,euclidean,0.3240,0.6760,Inward
lira,layer3,20,euclidean,0.4369,0.5631,Inward
lira,layer3,50,euclidean,0.5175,0.5175,Outward
lira,layer4,1,manhattan,0.1966,0.8034,Inward
lira,layer4,3,manhattan,0.3003,0.6997,Inward
lira,layer4,5,manhattan,0.3845,0.6155,Inward
lira,layer4,10,manhattan,0.4699,0.5301,Inward
lira,layer4,20,manhattan,0.5155,0.5155,Outward
lira,layer4,50,manhattan,0.5413,0.5413,Outward
lira,layer4,1,euclidean,0.2094,0.7906,Inward
lira,layer4,3,euclidean,0.3329,0.6671,Inward
lira,layer4,5,euclidean,0.4088,0.5912,Inward
lira,layer4,10,euclidean,0.4812,0.5188,Inward
lira,layer4,20,euclidean,0.5192,0.5192,Outward
lira,layer4,50,euclidean,0.5388,0.5388,Outward
refool,layer1,1,manhattan,0.3976,0.6024,Inward
refool,layer1,3,manhattan,0.5315,0.5315,Outward
refool,layer1,5,manhattan,0.5748,0.5748,Outward
refool,layer1,10,manhattan,0.6152,0.6152,Outward
refool,layer1,20,manhattan,0.6388,0.6388,Outward
refool,layer1,50,manhattan,0.6587,0.6587,Outward
refool,layer1,1,euclidean,0.5283,0.5283,Outward
refool,layer1,3,euclidean,0.6186,0.6186,Outward
refool,layer1,5,euclidean,0.6455,0.6455,Outward
refool,layer1,10,euclidean,0.6695,0.6695,Outward
refool,layer1,20,euclidean,0.6839,0.6839,Outward
refool,layer1,50,euclidean,0.6939,0.6939,Outward
refool,layer2,1,manhattan,0.1506,0.8494,Inward
refool,layer2,3,manhattan,0.2230,0.7770,Inward
refool,layer2,5,manhattan,0.2837,0.7163,Inward
refool,layer2,10,manhattan,0.3653,0.6347,Inward
refool,layer2,20,manhattan,0.4310,0.5690,Inward
refool,layer2,50,manhattan,0.4941,0.5059,Inward
refool,layer2,1,euclidean,0.3351,0.6649,Inward
refool,layer2,3,euclidean,0.4322,0.5678,Inward
refool,layer2,5,euclidean,0.4805,0.5195,Inward
refool,layer2,10,euclidean,0.5310,0.5310,Outward
refool,layer2,20,euclidean,0.5646,0.5646,Outward
refool,layer2,50,euclidean,0.5907,0.5907,Outward
refool,layer3,1,manhattan,0.6785,0.6785,Outward
refool,layer3,3,manhattan,0.7343,0.7343,Outward
refool,layer3,5,manhattan,0.7569,0.7569,Outward
refool,layer3,10,manhattan,0.7837,0.7837,Outward
refool,layer3,20,manhattan,0.8103,0.8103,Outward
refool,layer3,50,manhattan,0.8448,0.8448,Outward
refool,layer3,1,euclidean,0.7478,0.7478,Outward
refool,layer3,3,euclidean,0.7940,0.7940,Outward
refool,layer3,5,euclidean,0.8108,0.8108,Outward
refool,layer3,10,euclidean,0.8313,0.8313,Outward
refool,layer3,20,euclidean,0.8521,0.8521,Outward
refool,layer3,50,euclidean,0.8772,0.8772,Outward
refool,layer4,1,manhattan,0.8468,0.8468,Outward
refool,layer4,3,manhattan,0.8796,0.8796,Outward
refool,layer4,5,manhattan,0.8947,0.8947,Outward
refool,layer4,10,manhattan,0.9154,0.9154,Outward
refool,layer4,20,manhattan,0.9346,0.9346,Outward
refool,layer4,50,manhattan,0.9554,0.9554,Outward
refool,layer4,1,euclidean,0.8521,0.8521,Outward
refool,layer4,3,euclidean,0.8870,0.8870,Outward
refool,layer4,5,euclidean,0.9033,0.9033,Outward
refool,layer4,10,euclidean,0.9247,0.9247,Outward
refool,layer4,20,euclidean,0.9440,0.9440,Outward
refool,layer4,50,euclidean,0.9636,0.9636,Outward
sig,layer1,1,manhattan,0.5138,0.5138,Outward
sig,layer1,3,manhattan,0.8287,0.8287,Outward
sig,layer1,5,manhattan,0.8910,0.8910,Outward
sig,layer1,10,manhattan,0.9260,0.9260,Outward
sig,layer1,20,manhattan,0.9382,0.9382,Outward
sig,layer1,50,manhattan,0.9417,0.9417,Outward
sig,layer1,1,euclidean,0.8304,0.8304,Outward
sig,layer1,3,euclidean,0.9302,0.9302,Outward
sig,layer1,5,euclidean,0.9464,0.9464,Outward
sig,layer1,10,euclidean,0.9553,0.9553,Outward
sig,layer1,20,euclidean,0.9580,0.9580,Outward
sig,layer1,50,euclidean,0.9573,0.9573,Outward
sig,layer2,1,manhattan,0.5946,0.5946,Outward
sig,layer2,3,manhattan,0.8281,0.8281,Outward
sig,layer2,5,manhattan,0.8902,0.8902,Outward
sig,layer2,10,manhattan,0.9321,0.9321,Outward
sig,layer2,20,manhattan,0.9508,0.9508,Outward
sig,layer2,50,manhattan,0.9621,0.9621,Outward
sig,layer2,1,euclidean,0.9582,0.9582,Outward
sig,layer2,3,euclidean,0.9920,0.9920,Outward
sig,layer2,5,euclidean,0.9958,0.9958,Outward
sig,layer2,10,euclidean,0.9975,0.9975,Outward
sig,layer2,20,euclidean,0.9981,0.9981,Outward
sig,layer2,50,euclidean,0.9983,0.9983,Outward
sig,layer3,1,manhattan,1.0000,1.0000,Outward
sig,layer3,3,manhattan,1.0000,1.0000,Outward
sig,layer3,5,manhattan,1.0000,1.0000,Outward
sig,layer3,10,manhattan,1.0000,1.0000,Outward
sig,layer3,20,manhattan,1.0000,1.0000,Outward
sig,layer3,50,manhattan,1.0000,1.0000,Outward
sig,layer3,1,euclidean,1.0000,1.0000,Outward
sig,layer3,3,euclidean,1.0000,1.0000,Outward
sig,layer3,5,euclidean,1.0000,1.0000,Outward
sig,layer3,10,euclidean,1.0000,1.0000,Outward
sig,layer3,20,euclidean,1.0000,1.0000,Outward
sig,layer3,50,euclidean,1.0000,1.0000,Outward
sig,layer4,1,manhattan,1.0000,1.0000,Outward
sig,layer4,3,manhattan,1.0000,1.0000,Outward
sig,layer4,5,manhattan,1.0000,1.0000,Outward
sig,layer4,10,manhattan,1.0000,1.0000,Outward
sig,layer4,20,manhattan,1.0000,1.0000,Outward
sig,layer4,50,manhattan,1.0000,1.0000,Outward
sig,layer4,1,euclidean,1.0000,1.0000,Outward
sig,layer4,3,euclidean,1.0000,1.0000,Outward
sig,layer4,5,euclidean,1.0000,1.0000,Outward
sig,layer4,10,euclidean,1.0000,1.0000,Outward
sig,layer4,20,euclidean,1.0000,1.0000,Outward
sig,layer4,50,euclidean,1.0000,1.0000,Outward
trojannn,layer1,1,manhattan,0.5026,0.5026,Outward
trojannn,layer1,3,manhattan,0.8708,0.8708,Outward
trojannn,layer1,5,manhattan,0.9183,0.9183,Outward
trojannn,layer1,10,manhattan,0.9410,0.9410,Outward
trojannn,layer1,20,manhattan,0.9469,0.9469,Outward
trojannn,layer1,50,manhattan,0.9447,0.9447,Outward
trojannn,layer1,1,euclidean,0.5680,0.5680,Outward
trojannn,layer1,3,euclidean,0.8727,0.8727,Outward
trojannn,layer1,5,euclidean,0.9113,0.9113,Outward
trojannn,layer1,10,euclidean,0.9305,0.9305,Outward
trojannn,layer1,20,euclidean,0.9353,0.9353,Outward
trojannn,layer1,50,euclidean,0.9322,0.9322,Outward
trojannn,layer2,1,manhattan,0.6026,0.6026,Outward
trojannn,layer2,3,manhattan,0.8862,0.8862,Outward
trojannn,layer2,5,manhattan,0.9302,0.9302,Outward
trojannn,layer2,10,manhattan,0.9514,0.9514,Outward
trojannn,layer2,20,manhattan,0.9568,0.9568,Outward
trojannn,layer2,50,manhattan,0.9543,0.9543,Outward
trojannn,layer2,1,euclidean,0.6450,0.6450,Outward
trojannn,layer2,3,euclidean,0.8699,0.8699,Outward
trojannn,layer2,5,euclidean,0.9058,0.9058,Outward
trojannn,layer2,10,euclidean,0.9239,0.9239,Outward
trojannn,layer2,20,euclidean,0.9275,0.9275,Outward
trojannn,layer2,50,euclidean,0.9218,0.9218,Outward
trojannn,layer3,1,manhattan,0.9268,0.9268,Outward
trojannn,layer3,3,manhattan,0.9735,0.9735,Outward
trojannn,layer3,5,manhattan,0.9801,0.9801,Outward
trojannn,layer3,10,manhattan,0.9843,0.9843,Outward
trojannn,layer3,20,manhattan,0.9860,0.9860,Outward
trojannn,layer3,50,manhattan,0.9865,0.9865,Outward
trojannn,layer3,1,euclidean,0.9528,0.9528,Outward
trojannn,layer3,3,euclidean,0.9845,0.9845,Outward
trojannn,layer3,5,euclidean,0.9885,0.9885,Outward
trojannn,layer3,10,euclidean,0.9906,0.9906,Outward
trojannn,layer3,20,euclidean,0.9912,0.9912,Outward
trojannn,layer3,50,euclidean,0.9907,0.9907,Outward
trojannn,layer4,1,manhattan,0.9963,0.9963,Outward
trojannn,layer4,3,manhattan,0.9970,0.9970,Outward
trojannn,layer4,5,manhattan,0.9970,0.9970,Outward
trojannn,layer4,10,manhattan,0.9968,0.9968,Outward
trojannn,layer4,20,manhattan,0.9960,0.9960,Outward
trojannn,layer4,50,manhattan,0.9942,0.9942,Outward
trojannn,layer4,1,euclidean,0.9983,0.9983,Outward
trojannn,layer4,3,euclidean,0.9986,0.9986,Outward
trojannn,layer4,5,euclidean,0.9986,0.9986,Outward
trojannn,layer4,10,euclidean,0.9985,0.9985,Outward
trojannn,layer4,20,euclidean,0.9982,0.9982,Outward
trojannn,layer4,50,euclidean,0.9974,0.9974,Outward
wanet,layer1,1,manhattan,0.0018,0.9982,Inward
wanet,layer1,3,manhattan,0.0642,0.9358,Inward
wanet,layer1,5,manhattan,0.1732,0.8268,Inward
wanet,layer1,10,manhattan,0.3305,0.6695,Inward
wanet,layer1,20,manhattan,0.4312,0.5688,Inward
wanet,layer1,50,manhattan,0.4963,0.5037,Inward
wanet,layer1,1,euclidean,0.0082,0.9918,Inward
wanet,layer1,3,euclidean,0.0884,0.9116,Inward
wanet,layer1,5,euclidean,0.2054,0.7946,Inward
wanet,layer1,10,euclidean,0.3550,0.6450,Inward
wanet,layer1,20,euclidean,0.4456,0.5544,Inward
wanet,layer1,50,euclidean,0.5030,0.5030,Outward
wanet,layer2,1,manhattan,0.0207,0.9793,Inward
wanet,layer2,3,manhattan,0.1426,0.8574,Inward
wanet,layer2,5,manhattan,0.2728,0.7272,Inward
wanet,layer2,10,manhattan,0.4416,0.5584,Inward
wanet,layer2,20,manhattan,0.5472,0.5472,Outward
wanet,layer2,50,manhattan,0.6152,0.6152,Outward
wanet,layer2,1,euclidean,0.0488,0.9512,Inward
wanet,layer2,3,euclidean,0.2087,0.7913,Inward
wanet,layer2,5,euclidean,0.3351,0.6649,Inward
wanet,layer2,10,euclidean,0.4822,0.5178,Inward
wanet,layer2,20,euclidean,0.5705,0.5705,Outward
wanet,layer2,50,euclidean,0.6250,0.6250,Outward
wanet,layer3,1,manhattan,0.0739,0.9261,Inward
wanet,layer3,3,manhattan,0.1974,0.8026,Inward
wanet,layer3,5,manhattan,0.2707,0.7293,Inward
wanet,layer3,10,manhattan,0.3475,0.6525,Inward
wanet,layer3,20,manhattan,0.3963,0.6037,Inward
wanet,layer3,50,manhattan,0.4318,0.5682,Inward
wanet,layer3,1,euclidean,0.0825,0.9175,Inward
wanet,layer3,3,euclidean,0.2022,0.7978,Inward
wanet,layer3,5,euclidean,0.2740,0.7260,Inward
wanet,layer3,10,euclidean,0.3517,0.6483,Inward
wanet,layer3,20,euclidean,0.4024,0.5976,Inward
wanet,layer3,50,euclidean,0.4389,0.5611,Inward
wanet,layer4,1,manhattan,0.3266,0.6734,Inward
wanet,layer4,3,manhattan,0.4093,0.5907,Inward
wanet,layer4,5,manhattan,0.4414,0.5586,Inward
wanet,layer4,10,manhattan,0.4710,0.5290,Inward
wanet,layer4,20,manhattan,0.4909,0.5091,Inward
wanet,layer4,50,manhattan,0.5075,0.5075,Outward
wanet,layer4,1,euclidean,0.3496,0.6504,Inward
wanet,layer4,3,euclidean,0.4295,0.5705,Inward
wanet,layer4,5,euclidean,0.4602,0.5398,Inward
wanet,layer4,10,euclidean,0.4882,0.5118,Inward
wanet,layer4,20,euclidean,0.5066,0.5066,Outward
wanet,layer4,50,euclidean,0.5196,0.5196,Outward
